{"score": 0.5284670268315969, "damage_f1": 1.333332746064454e-06, "localization_f1": 0.5284670268315969, "damage_f1_no_damage": 0.7567975708611201, "damage_f1_minor_damage": 0, "damage_f1_major_damage": 0, "damage_f1_destroyed": 0}