{"score": 0.6141049071530429, "damage_f1": 1.3333327759661402e-06, "localization_f1": 0.6141049071530429, "damage_f1_no_damage": 0.7973983878766411, "damage_f1_minor_damage": 0, "damage_f1_major_damage": 0, "damage_f1_destroyed": 0}