{"score": 0.616991700543943, "damage_f1": 1.3333327995443032e-06, "localization_f1": 0.616991700543943, "damage_f1_no_damage": 0.8326205817030524, "damage_f1_minor_damage": 0, "damage_f1_major_damage": 0, "damage_f1_destroyed": 0}