{"score": 0.542433118911309, "damage_f1": 1.3333326170888185e-06, "localization_f1": 0.542433118911309, "damage_f1_no_damage": 0.6205192224687562, "damage_f1_minor_damage": 0, "damage_f1_major_damage": 0, "damage_f1_destroyed": 0}