{"score": 0.6003258704987589, "damage_f1": 1.3333327363623962e-06, "localization_f1": 0.6003258704987589, "damage_f1_no_damage": 0.744497966107837, "damage_f1_minor_damage": 0, "damage_f1_major_damage": 0, "damage_f1_destroyed": 0}