{"score": 0.5944935170696865, "damage_f1": 1.333332843322263e-06, "localization_f1": 0.5944935170696865, "damage_f1_no_damage": 0.9070076537577861, "damage_f1_minor_damage": 0, "damage_f1_major_damage": 0, "damage_f1_destroyed": 0}