{"score": 0.6168777385050449, "damage_f1": 1.333332794171018e-06, "localization_f1": 0.6168777385050449, "damage_f1_no_damage": 0.8243226814782609, "damage_f1_minor_damage": 0, "damage_f1_major_damage": 0, "damage_f1_destroyed": 0}