{"score": 0.6099820391011367, "damage_f1": 1.333332826299901e-06, "localization_f1": 0.6099820391011367, "damage_f1_no_damage": 0.8765571263088746, "damage_f1_minor_damage": 0, "damage_f1_major_damage": 0, "damage_f1_destroyed": 0}